{
    "fio version": "fio-3.27",
    "timestamp": 1645528965,
    "timestamp_ms": 1645528965897,
    "time": "Tue Feb 22 11:22:45 2022",
    "global options": {
        "filename": "d:\\fio",
        "direct": "1",
        "iodepth": "1",
        "rw": "randread",
        "ioengine": "windowsaio",
        "bs": "16k",
        "size": "10M",
        "numjobs": "30",
        "runtime": "1000"
    },
    "jobs": [
        {
            "jobname": "randread",
            "groupid": 0,
            "error": 0,
            "eta": 0,
            "elapsed": 6,
            "job options": {
                "name": "randread"
            },
            "read": {
                "io_bytes": 314572800,
                "io_kbytes": 307200,
                "bw_bytes": 59612052,
                "bw": 58214,
                "iops": 3638.430927,
                "runtime": 5277,
                "total_ios": 19200,
                "short_ios": 0,
                "drop_ios": 0,
                "slat_ns": {
                    "min": 4500,
                    "max": 171500,
                    "mean": 19255.531250,
                    "stddev": 6600.796445,
                    "N": 19200
                },
                "clat_ns": {
                    "min": 272400,
                    "max": 16741000,
                    "mean": 8131249.520833,
                    "stddev": 3487508.606370,
                    "N": 19200,
                    "percentile": {
                        "1.000000": 577536,
                        "5.000000": 684032,
                        "10.000000": 782336,
                        "20.000000": 9371648,
                        "30.000000": 9633792,
                        "40.000000": 9764864,
                        "50.000000": 9764864,
                        "60.000000": 9764864,
                        "70.000000": 9764864,
                        "80.000000": 9895936,
                        "90.000000": 9895936,
                        "95.000000": 10027008,
                        "99.000000": 10289152,
                        "99.500000": 11337728,
                        "99.900000": 15138816,
                        "99.950000": 15925248,
                        "99.990000": 16711680
                    }
                },
                "lat_ns": {
                    "min": 292700,
                    "max": 16784900,
                    "mean": 8150505.052083,
                    "stddev": 3488577.084857,
                    "N": 19200
                },
                "bw_min": 48388,
                "bw_max": 144548,
                "bw_agg": 100.000000,
                "bw_mean": 58544.288889,
                "bw_dev": 963.184590,
                "bw_samples": 299,
                "iops_min": 2998,
                "iops_max": 9019,
                "iops_mean": 3633.277778,
                "iops_stddev": 60.316599,
                "iops_samples": 299
            },
            "write": {
                "io_bytes": 0,
                "io_kbytes": 0,
                "bw_bytes": 0,
                "bw": 0,
                "iops": 0.000000,
                "runtime": 0,
                "total_ios": 0,
                "short_ios": 0,
                "drop_ios": 0,
                "slat_ns": {
                    "min": 0,
                    "max": 0,
                    "mean": 0.000000,
                    "stddev": 0.000000,
                    "N": 0
                },
                "clat_ns": {
                    "min": 0,
                    "max": 0,
                    "mean": 0.000000,
                    "stddev": 0.000000,
                    "N": 0
                },
                "lat_ns": {
                    "min": 0,
                    "max": 0,
                    "mean": 0.000000,
                    "stddev": 0.000000,
                    "N": 0
                },
                "bw_min": 0,
                "bw_max": 0,
                "bw_agg": 0.000000,
                "bw_mean": 0.000000,
                "bw_dev": 0.000000,
                "bw_samples": 0,
                "iops_min": 0,
                "iops_max": 0,
                "iops_mean": 0.000000,
                "iops_stddev": 0.000000,
                "iops_samples": 0
            },
            "trim": {
                "io_bytes": 0,
                "io_kbytes": 0,
                "bw_bytes": 0,
                "bw": 0,
                "iops": 0.000000,
                "runtime": 0,
                "total_ios": 0,
                "short_ios": 0,
                "drop_ios": 0,
                "slat_ns": {
                    "min": 0,
                    "max": 0,
                    "mean": 0.000000,
                    "stddev": 0.000000,
                    "N": 0
                },
                "clat_ns": {
                    "min": 0,
                    "max": 0,
                    "mean": 0.000000,
                    "stddev": 0.000000,
                    "N": 0
                },
                "lat_ns": {
                    "min": 0,
                    "max": 0,
                    "mean": 0.000000,
                    "stddev": 0.000000,
                    "N": 0
                },
                "bw_min": 0,
                "bw_max": 0,
                "bw_agg": 0.000000,
                "bw_mean": 0.000000,
                "bw_dev": 0.000000,
                "bw_samples": 0,
                "iops_min": 0,
                "iops_max": 0,
                "iops_mean": 0.000000,
                "iops_stddev": 0.000000,
                "iops_samples": 0
            },
            "sync": {
                "total_ios": 0,
                "lat_ns": {
                    "min": 0,
                    "max": 0,
                    "mean": 0.000000,
                    "stddev": 0.000000,
                    "N": 0
                }
            },
            "job_runtime": 156704,
            "usr_cpu": 0.000000,
            "sys_cpu": 0.000000,
            "ctx": 0,
            "majf": 0,
            "minf": 0,
            "iodepth_level": {
                "1": 100.000000,
                "2": 0.000000,
                "4": 0.000000,
                "8": 0.000000,
                "16": 0.000000,
                "32": 0.000000,
                ">=64": 0.000000
            },
            "iodepth_submit": {
                "0": 0.000000,
                "4": 100.000000,
                "8": 0.000000,
                "16": 0.000000,
                "32": 0.000000,
                "64": 0.000000,
                ">=64": 0.000000
            },
            "iodepth_complete": {
                "0": 0.000000,
                "4": 100.000000,
                "8": 0.000000,
                "16": 0.000000,
                "32": 0.000000,
                "64": 0.000000,
                ">=64": 0.000000
            },
            "latency_ns": {
                "2": 0.000000,
                "4": 0.000000,
                "10": 0.000000,
                "20": 0.000000,
                "50": 0.000000,
                "100": 0.000000,
                "250": 0.000000,
                "500": 0.000000,
                "750": 0.000000,
                "1000": 0.000000
            },
            "latency_us": {
                "2": 0.000000,
                "4": 0.000000,
                "10": 0.000000,
                "20": 0.000000,
                "50": 0.000000,
                "100": 0.000000,
                "250": 0.000000,
                "500": 0.343750,
                "750": 7.963542,
                "1000": 7.078125
            },
            "latency_ms": {
                "2": 2.369792,
                "4": 0.822917,
                "10": 76.494792,
                "20": 4.927083,
                "50": 0.000000,
                "100": 0.000000,
                "250": 0.000000,
                "500": 0.000000,
                "750": 0.000000,
                "1000": 0.000000,
                "2000": 0.000000,