{
    "fio version": "fio-3.27",
    "timestamp": 1645528978,
    "timestamp_ms": 1645528978960,
    "time": "Tue Feb 22 11:22:58 2022",
    "global options": {
        "filename": "d:\\fio",
        "direct": "1",
        "iodepth": "1",
        "rw": "read",
        "ioengine": "windowsaio",
        "bs": "16k",
        "size": "10M",
        "numjobs": "30",
        "runtime": "1000"
    },
    "jobs": [
        {
            "jobname": "read",
            "groupid": 0,
            "error": 0,
            "eta": 0,
            "elapsed": 6,
            "job options": {
                "name": "read"
            },
            "read": {
                "io_bytes": 314572800,
                "io_kbytes": 307200,
                "bw_bytes": 59555622,
                "bw": 58159,
                "iops": 3634.986747,
                "runtime": 5282,
                "total_ios": 19200,
                "short_ios": 0,
                "drop_ios": 0,
                "slat_ns": {
                    "min": 4600,
                    "max": 265300,
                    "mean": 18978.500000,
                    "stddev": 6775.362653,
                    "N": 19200
                },
                "clat_ns": {
                    "min": 326100,
                    "max": 16837900,
                    "mean": 8113050.838542,
                    "stddev": 3485840.325251,
                    "N": 19200,
                    "percentile": {
                        "1.000000": 536576,
                        "5.000000": 659456,
                        "10.000000": 749568,
                        "20.000000": 9371648,
                        "30.000000": 9633792,
                        "40.000000": 9764864,
                        "50.000000": 9764864,
                        "60.000000": 9764864,
                        "70.000000": 9764864,
                        "80.000000": 9895936,
                        "90.000000": 9895936,
                        "95.000000": 10027008,
                        "99.000000": 10420224,
                        "99.500000": 10682368,
                        "99.900000": 13172736,
                        "99.950000": 14483456,
                        "99.990000": 16711680
                    }
                },
                "lat_ns": {
                    "min": 333900,
                    "max": 16855000,
                    "mean": 8132029.338542,
                    "stddev": 3487128.377296,
                    "N": 19200
                },
                "bw_min": 48450,
                "bw_max": 144616,
                "bw_agg": 100.000000,
                "bw_mean": 58584.788889,
                "bw_dev": 971.345840,
                "bw_samples": 297,
                "iops_min": 3000,
                "iops_max": 9024,
                "iops_mean": 3635.600000,
                "iops_stddev": 60.833557,
                "iops_samples": 297
            },
            "write": {
                "io_bytes": 0,
                "io_kbytes": 0,
                "bw_bytes": 0,
                "bw": 0,
                "iops": 0.000000,
                "runtime": 0,
                "total_ios": 0,
                "short_ios": 0,
                "drop_ios": 0,
                "slat_ns": {
                    "min": 0,
                    "max": 0,
                    "mean": 0.000000,
                    "stddev": 0.000000,
                    "N": 0
                },
                "clat_ns": {
                    "min": 0,
                    "max": 0,
                    "mean": 0.000000,
                    "stddev": 0.000000,
                    "N": 0
                },
                "lat_ns": {
                    "min": 0,
                    "max": 0,
                    "mean": 0.000000,
                    "stddev": 0.000000,
                    "N": 0
                },
                "bw_min": 0,
                "bw_max": 0,
                "bw_agg": 0.000000,
                "bw_mean": 0.000000,
                "bw_dev": 0.000000,
                "bw_samples": 0,
                "iops_min": 0,
                "iops_max": 0,
                "iops_mean": 0.000000,
                "iops_stddev": 0.000000,
                "iops_samples": 0
            },
            "trim": {
                "io_bytes": 0,
                "io_kbytes": 0,
                "bw_bytes": 0,
                "bw": 0,
                "iops": 0.000000,
                "runtime": 0,
                "total_ios": 0,
                "short_ios": 0,
                "drop_ios": 0,
                "slat_ns": {
                    "min": 0,
                    "max": 0,
                    "mean": 0.000000,
                    "stddev": 0.000000,
                    "N": 0
                },
                "clat_ns": {
                    "min": 0,
                    "max": 0,
                    "mean": 0.000000,
                    "stddev": 0.000000,
                    "N": 0
                },
                "lat_ns": {
                    "min": 0,
                    "max": 0,
                    "mean": 0.000000,
                    "stddev": 0.000000,
                    "N": 0
                },
                "bw_min": 0,
                "bw_max": 0,
                "bw_agg": 0.000000,
                "bw_mean": 0.000000,
                "bw_dev": 0.000000,
                "bw_samples": 0,
                "iops_min": 0,
                "iops_max": 0,
                "iops_mean": 0.000000,
                "iops_stddev": 0.000000,
                "iops_samples": 0
            },
            "sync": {
                "total_ios": 0,
                "lat_ns": {
                    "min": 0,
                    "max": 0,
                    "mean": 0.000000,
                    "stddev": 0.000000,
                    "N": 0
                }
            },
            "job_runtime": 156256,
            "usr_cpu": 0.000000,
            "sys_cpu": 0.000000,
            "ctx": 0,
            "majf": 0,
            "minf": 0,
            "iodepth_level": {
                "1": 100.000000,
                "2": 0.000000,
                "4": 0.000000,
                "8": 0.000000,
                "16": 0.000000,
                "32": 0.000000,
                ">=64": 0.000000
            },
            "iodepth_submit": {
                "0": 0.000000,
                "4": 100.000000,
                "8": 0.000000,
                "16": 0.000000,
                "32": 0.000000,
                "64": 0.000000,
                ">=64": 0.000000
            },
            "iodepth_complete": {
                "0": 0.000000,
                "4": 100.000000,
                "8": 0.000000,
                "16": 0.000000,
                "32": 0.000000,
                "64": 0.000000,
                ">=64": 0.000000
            },
            "latency_ns": {
                "2": 0.000000,
                "4": 0.000000,
                "10": 0.000000,
                "20": 0.000000,
                "50": 0.000000,
                "100": 0.000000,
                "250": 0.000000,
                "500": 0.000000,
                "750": 0.000000,
                "1000": 0.000000
            },
            "latency_us": {
                "2": 0.000000,
                "4": 0.000000,
                "10": 0.000000,
                "20": 0.000000,
                "50": 0.000000,
                "100": 0.000000,
                "250": 0.000000,
                "500": 0.479167,
                "750": 9.380208,
                "1000": 5.421875
            },
            "latency_ms": {
                "2": 1.932292,
                "4": 1.661458,
                "10": 76.906250,
                "20": 4.218750,
                "50": 0.000000,
                "100": 0.000000,
                "250": 0.000000,
                "500": 0.000000,
                "750": 0.000000,
                "1000": 0.000000,
                "2000": 0.000000,