{
  "fio version": "fio-3.27",
  "timestamp": 1645528985,
  "timestamp_ms": 1645528985601,
  "time": "Tue Feb 22 11:23:05 2022",
  "global options": {
    "filename": "d:\\fio",
    "direct": "1",
    "iodepth": "1",
    "rw": "write",
    "ioengine": "windowsaio",
    "bs": "16k",
    "size": "10M",
    "numjobs": "30",
    "runtime": "1000"
  },
  "jobs": [
    {
      "jobname": "write",
      "groupid": 0,
      "error": 0,
      "eta": 0,
      "elapsed": 7,
      "job options": {
        "name": "write"
      },
      "read": {
        "io_bytes": 0,
        "io_kbytes": 0,
        "bw_bytes": 0,
        "bw": 0,
        "iops": 0.000000,
        "runtime": 0,
        "total_ios": 0,
        "short_ios": 0,
        "drop_ios": 0,
        "slat_ns": {
          "min": 0,
          "max": 0,
          "mean": 0.000000,
          "stddev": 0.000000,
          "N": 0
        },
        "clat_ns": {
          "min": 0,
          "max": 0,
          "mean": 0.000000,
          "stddev": 0.000000,
          "N": 0
        },
        "lat_ns": {
          "min": 0,
          "max": 0,
          "mean": 0.000000,
          "stddev": 0.000000,
          "N": 0
        },
        "bw_min": 0,
        "bw_max": 0,
        "bw_agg": 0.000000,
        "bw_mean": 0.000000,
        "bw_dev": 0.000000,
        "bw_samples": 0,
        "iops_min": 0,
        "iops_max": 0,
        "iops_mean": 0.000000,
        "iops_stddev": 0.000000,
        "iops_samples": 0
      },
      "write": {
        "io_bytes": 314572800,
        "io_kbytes": 307200,
        "bw_bytes": 55666749,
        "bw": 54362,
        "iops": 3397.628738,
        "runtime": 5651,
        "total_ios": 19200,
        "short_ios": 0,
        "drop_ios": 0,
        "slat_ns": {
          "min": 3400,
          "max": 7958500,
          "mean": 20600.161458,
          "stddev": 58419.824174,
          "N": 19200
        },
        "clat_ns": {
          "min": 6600,
          "max": 55159500,
          "mean": 8268605.411458,
          "stddev": 4954889.593220,
          "N": 19200,
          "percentile": {
            "1.000000": 757760,
            "5.000000": 1548288,
            "10.000000": 1908736,
            "20.000000": 2670592,
            "30.000000": 9371648,
            "40.000000": 9633792,
            "50.000000": 9764864,
            "60.000000": 9764864,
            "70.000000": 9764864,
            "80.000000": 9895936,
            "90.000000": 10027008,
            "95.000000": 10289152,
            "99.000000": 25559040,
            "99.500000": 35913728,
            "99.900000": 52166656,
            "99.950000": 52690944,
            "99.990000": 55312384
          }
        },
        "lat_ns": {
          "min": 597900,
          "max": 55165000,
          "mean": 8289205.572917,
          "stddev": 4954136.609476,
          "N": 19200
        },
        "bw_min": 44555,
        "bw_max": 108656,
        "bw_agg": 100.000000,
        "bw_mean": 56935.533333,
        "bw_dev": 651.169432,
        "bw_samples": 298,
        "iops_min": 2766,
        "iops_max": 6786,
        "iops_mean": 3536.455556,
        "iops_stddev": 40.914627,
        "iops_samples": 298
      },
      "trim": {
        "io_bytes": 0,
        "io_kbytes": 0,
        "bw_bytes": 0,
        "bw": 0,
        "iops": 0.000000,
        "runtime": 0,
        "total_ios": 0,
        "short_ios": 0,
        "drop_ios": 0,
        "slat_ns": {
          "min": 0,
          "max": 0,
          "mean": 0.000000,
          "stddev": 0.000000,
          "N": 0
        },
        "clat_ns": {
          "min": 0,
          "max": 0,
          "mean": 0.000000,
          "stddev": 0.000000,
          "N": 0
        },
        "lat_ns": {
          "min": 0,
          "max": 0,
          "mean": 0.000000,
          "stddev": 0.000000,
          "N": 0
        },
        "bw_min": 0,
        "bw_max": 0,
        "bw_agg": 0.000000,
        "bw_mean": 0.000000,
        "bw_dev": 0.000000,
        "bw_samples": 0,
        "iops_min": 0,
        "iops_max": 0,
        "iops_mean": 0.000000,
        "iops_stddev": 0.000000,
        "iops_samples": 0
      },
      "sync": {
        "total_ios": 0,
        "lat_ns": {
          "min": 0,
          "max": 0,
          "mean": 0.000000,
          "stddev": 0.000000,
          "N": 0
        }
      },
      "job_runtime": 163910,
      "usr_cpu": 0.000000,
      "sys_cpu": 0.000000,
      "ctx": 0,
      "majf": 0,
      "minf": 0,
      "iodepth_level": {
        "1": 100.000000,
        "2": 0.000000,
        "4": 0.000000,
        "8": 0.000000,
        "16": 0.000000,
        "32": 0.000000,
        ">=64": 0.000000
      },
      "iodepth_submit": {
        "0": 0.000000,
        "4": 100.000000,
        "8": 0.000000,
        "16": 0.000000,
        "32": 0.000000,
        "64": 0.000000,
        ">=64": 0.000000
      },
      "iodepth_complete": {
        "0": 0.000000,
        "4": 100.000000,
        "8": 0.000000,
        "16": 0.000000,
        "32": 0.000000,
        "64": 0.000000,
        ">=64": 0.000000
      },
      "latency_ns": {
        "2": 0.000000,
        "4": 0.000000,
        "10": 0.000000,
        "20": 0.000000,
        "50": 0.000000,
        "100": 0.000000,
        "250": 0.000000,
        "500": 0.000000,
        "750": 0.000000,
        "1000": 0.000000
      },
      "latency_us": {
        "2": 0.000000,
        "4": 0.000000,
        "10": 0.010000,
        "20": 0.000000,
        "50": 0.000000,
        "100": 0.000000,
        "250": 0.000000,
        "500": 0.000000,
        "750": 0.911458,
        "1000": 2.067708
      },
      "latency_ms": {
        "2": 8.697917,
        "4": 13.468750,
        "10": 64.598958,
        "20": 8.125000,
        "50": 1.968750,
        "100": 0.156250,
        "250": 0.000000,
        "500": 0.000000,
        "750": 0.000000,
        "1000": 0.000000,
        "2000": 0.000000,
        ">=2000": 0.000000
      },
      "latency_depth": 1,
      "latency_target": 0,
      "latency_percentile": 100.000000,
      "latency_window": 0
    }
  ]
}