{
  "fio version": "fio-3.27",
  "timestamp": 1645528972,
  "timestamp_ms": 1645528972663,
  "time": "Tue Feb 22 11:22:52 2022",
  "global options": {
    "filename": "d:\\fio",
    "direct": "1",
    "iodepth": "1",
    "rw": "randwrite",
    "ioengine": "windowsaio",
    "bs": "16k",
    "size": "10M",
    "numjobs": "30",
    "runtime": "1000"
  },
  "jobs": [
    {
      "jobname": "randwrite",
      "groupid": 0,
      "error": 0,
      "eta": 0,
      "elapsed": 7,
      "job options": {
        "name": "randwrite"
      },
      "read": {
        "io_bytes": 0,
        "io_kbytes": 0,
        "bw_bytes": 0,
        "bw": 0,
        "iops": 0.000000,
        "runtime": 0,
        "total_ios": 0,
        "short_ios": 0,
        "drop_ios": 0,
        "slat_ns": {
          "min": 0,
          "max": 0,
          "mean": 0.000000,
          "stddev": 0.000000,
          "N": 0
        },
        "clat_ns": {
          "min": 0,
          "max": 0,
          "mean": 0.000000,
          "stddev": 0.000000,
          "N": 0
        },
        "lat_ns": {
          "min": 0,
          "max": 0,
          "mean": 0.000000,
          "stddev": 0.000000,
          "N": 0
        },
        "bw_min": 0,
        "bw_max": 0,
        "bw_agg": 0.000000,
        "bw_mean": 0.000000,
        "bw_dev": 0.000000,
        "bw_samples": 0,
        "iops_min": 0,
        "iops_max": 0,
        "iops_mean": 0.000000,
        "iops_stddev": 0.000000,
        "iops_samples": 0
      },
      "write": {
        "io_bytes": 314572800,
        "io_kbytes": 307200,
        "bw_bytes": 54443198,
        "bw": 53167,
        "iops": 3322.949117,
        "runtime": 5778,
        "total_ios": 19200,
        "short_ios": 0,
        "drop_ios": 0,
        "slat_ns": {
          "min": 3500,
          "max": 3976500,
          "mean": 21612.046875,
          "stddev": 39338.973584,
          "N": 19200
        },
        "clat_ns": {
          "min": 591400,
          "max": 66968500,
          "mean": 8312350.338542,
          "stddev": 5019896.638517,
          "N": 19200,
          "percentile": {
            "1.000000": 897024,
            "5.000000": 1859584,
            "10.000000": 2211840,
            "20.000000": 2801664,
            "30.000000": 9371648,
            "40.000000": 9633792,
            "50.000000": 9764864,
            "60.000000": 9764864,
            "70.000000": 9764864,
            "80.000000": 9895936,
            "90.000000": 10027008,
            "95.000000": 10289152,
            "99.000000": 30539776,
            "99.500000": 39583744,
            "99.900000": 55312384,
            "99.950000": 58458112,
            "99.990000": 64749568
          }
        },
        "lat_ns": {
          "min": 619400,
          "max": 66974100,
          "mean": 8333962.385417,
          "stddev": 5019945.221243,
          "N": 19200
        },
        "bw_min": 41152,
        "bw_max": 133818,
        "bw_agg": 100.000000,
        "bw_mean": 56675.081818,
        "bw_dev": 861.157042,
        "bw_samples": 309,
        "iops_min": 2551,
        "iops_max": 8346,
        "iops_mean": 3520.154545,
        "iops_stddev": 53.855011,
        "iops_samples": 309
      },
      "trim": {
        "io_bytes": 0,
        "io_kbytes": 0,
        "bw_bytes": 0,
        "bw": 0,
        "iops": 0.000000,
        "runtime": 0,
        "total_ios": 0,
        "short_ios": 0,
        "drop_ios": 0,
        "slat_ns": {
          "min": 0,
          "max": 0,
          "mean": 0.000000,
          "stddev": 0.000000,
          "N": 0
        },
        "clat_ns": {
          "min": 0,
          "max": 0,
          "mean": 0.000000,
          "stddev": 0.000000,
          "N": 0
        },
        "lat_ns": {
          "min": 0,
          "max": 0,
          "mean": 0.000000,
          "stddev": 0.000000,
          "N": 0
        },
        "bw_min": 0,
        "bw_max": 0,
        "bw_agg": 0.000000,
        "bw_mean": 0.000000,
        "bw_dev": 0.000000,
        "bw_samples": 0,
        "iops_min": 0,
        "iops_max": 0,
        "iops_mean": 0.000000,
        "iops_stddev": 0.000000,
        "iops_samples": 0
      },
      "sync": {
        "total_ios": 0,
        "lat_ns": {
          "min": 0,
          "max": 0,
          "mean": 0.000000,
          "stddev": 0.000000,
          "N": 0
        }
      },
      "job_runtime": 164589,
      "usr_cpu": 0.000000,
      "sys_cpu": 0.000000,
      "ctx": 0,
      "majf": 0,
      "minf": 0,
      "iodepth_level": {
        "1": 100.000000,
        "2": 0.000000,
        "4": 0.000000,
        "8": 0.000000,
        "16": 0.000000,
        "32": 0.000000,
        ">=64": 0.000000
      },
      "iodepth_submit": {
        "0": 0.000000,
        "4": 100.000000,
        "8": 0.000000,
        "16": 0.000000,
        "32": 0.000000,
        "64": 0.000000,
        ">=64": 0.000000
      },
      "iodepth_complete": {
        "0": 0.000000,
        "4": 100.000000,
        "8": 0.000000,
        "16": 0.000000,
        "32": 0.000000,
        "64": 0.000000,
        ">=64": 0.000000
      },
      "latency_ns": {
        "2": 0.000000,
        "4": 0.000000,
        "10": 0.000000,
        "20": 0.000000,
        "50": 0.000000,
        "100": 0.000000,
        "250": 0.000000,
        "500": 0.000000,
        "750": 0.000000,
        "1000": 0.000000
      },
      "latency_us": {
        "2": 0.000000,
        "4": 0.000000,
        "10": 0.000000,
        "20": 0.000000,
        "50": 0.000000,
        "100": 0.000000,
        "250": 0.000000,
        "500": 0.000000,
        "750": 0.239583,
        "1000": 1.239583
      },
      "latency_ms": {
        "2": 5.005208,
        "4": 18.562500,
        "10": 64.447917,
        "20": 8.880208,
        "50": 1.411458,
        "100": 0.213542,
        "250": 0.000000,
        "500": 0.000000,
        "750": 0.000000,
        "1000": 0.000000,
        "2000": 0.000000,
        ">=2000": 0.000000
      },
      "latency_depth": 1,
      "latency_target": 0,
      "latency_percentile": 100.000000,
      "latency_window": 0
    }
  ]
}